rank,rank_scan_order,image_size,orientations,pixels_per_cell,cells_per_block,preprocessing,feature_dim,accuracy,macro_precision,macro_recall,macro_f1
1,47,"(96, 96)",12,"(8, 8)","(3, 3)",gray_clahe,10800,0.9966216216216216,0.9952830188679245,0.9984472049689441,0.9968402314196707
2,3,"(64, 64)",6,"(4, 4)","(3, 3)",gray_clahe,10584,0.9966216216216216,0.9984567901234568,0.99375,0.9960614492299251
3,22,"(64, 64)",12,"(8, 8)","(2, 2)",gray_clahe_blur,2352,0.9932432432432432,0.9907407407407407,0.9921972049689441,0.9913396457065222
4,7,"(64, 64)",6,"(8, 8)","(3, 3)",gray_clahe,1944,0.9932432432432432,0.9907407407407407,0.9921972049689441,0.9913396457065222
5,39,"(96, 96)",9,"(8, 8)","(3, 3)",gray_clahe,8100,0.9932432432432432,0.9907407407407407,0.9921972049689441,0.9913396457065222
6,37,"(96, 96)",9,"(8, 8)","(2, 2)",gray_clahe,4356,0.9932432432432432,0.989094746716698,0.9936395126612518,0.9913270717398444
7,23,"(64, 64)",12,"(8, 8)","(3, 3)",gray_clahe,3888,0.9932432432432432,0.9896012006861064,0.9921972049689441,0.9908021112392547
8,24,"(64, 64)",12,"(8, 8)","(3, 3)",gray_clahe_blur,3888,0.9932432432432432,0.9896012006861064,0.9921972049689441,0.9908021112392547
9,43,"(96, 96)",12,"(4, 4)","(3, 3)",gray_clahe,52272,0.9932432432432432,0.9880952380952381,0.9903846153846154,0.9890004782400765
10,1,"(64, 64)",6,"(4, 4)","(2, 2)",gray_clahe,5400,0.9932432432432432,0.9889423076923077,0.9889423076923077,0.9889423076923077
11,5,"(64, 64)",6,"(8, 8)","(2, 2)",gray_clahe,1176,0.9932432432432432,0.9907407407407407,0.9875,0.9888727624576681
12,31,"(96, 96)",6,"(8, 8)","(3, 3)",gray_clahe,5400,0.9898648648648649,0.9873895126612519,0.9873895126612519,0.9873895126612519
13,4,"(64, 64)",6,"(4, 4)","(3, 3)",gray_clahe_blur,10584,0.9898648648648649,0.9873895126612519,0.9873895126612519,0.9873895126612519
14,30,"(96, 96)",6,"(8, 8)","(2, 2)",gray_clahe_blur,2904,0.9898648648648649,0.9891879457096848,0.9859472049689442,0.9873199674266122
15,45,"(96, 96)",12,"(8, 8)","(2, 2)",gray_clahe,5808,0.9898648648648649,0.9831932773109243,0.9888318203535595,0.9858420694269551
16,8,"(64, 64)",6,"(8, 8)","(3, 3)",gray_clahe_blur,1944,0.9898648648648649,0.9850589225589226,0.9859472049689442,0.9852203830399004
17,2,"(64, 64)",6,"(4, 4)","(2, 2)",gray_clahe_blur,5400,0.9898648648648649,0.9862616681722373,0.9841346153846154,0.9850647861483774
18,32,"(96, 96)",6,"(8, 8)","(3, 3)",gray_clahe_blur,5400,0.9864864864864865,0.9814346857410882,0.9858367176301959,0.9835965998349175
19,27,"(96, 96)",6,"(4, 4)","(3, 3)",gray_clahe,26136,0.9898648648648649,0.9825581395348837,0.9855769230769231,0.9835381128474293
20,35,"(96, 96)",9,"(4, 4)","(3, 3)",gray_clahe,39204,0.9898648648648649,0.9825581395348837,0.9855769230769231,0.9835381128474293
21,28,"(96, 96)",6,"(4, 4)","(3, 3)",gray_clahe_blur,26136,0.9898648648648649,0.9829029172644668,0.9841346153846154,0.9834591873426825
22,36,"(96, 96)",9,"(4, 4)","(3, 3)",gray_clahe_blur,39204,0.9898648648648649,0.9829029172644668,0.9841346153846154,0.9834591873426825
23,38,"(96, 96)",9,"(8, 8)","(2, 2)",gray_clahe_blur,4356,0.9864864864864865,0.9813501222334109,0.9825818203535596,0.9819063923116266
24,20,"(64, 64)",12,"(4, 4)","(3, 3)",gray_clahe_blur,21168,0.9864864864864865,0.9813501222334109,0.9825818203535596,0.9819063923116266
25,6,"(64, 64)",6,"(8, 8)","(2, 2)",gray_clahe_blur,1176,0.9864864864864865,0.9797008547008548,0.9811395126612518,0.9802935506503963
26,14,"(64, 64)",9,"(8, 8)","(2, 2)",gray_clahe_blur,1764,0.9864864864864865,0.9797008547008548,0.9811395126612518,0.9802935506503963
27,48,"(96, 96)",12,"(8, 8)","(3, 3)",gray_clahe_blur,10800,0.9831081081081081,0.9757628377911396,0.98428392259914,0.9798721857410881
28,18,"(64, 64)",12,"(4, 4)","(2, 2)",gray_clahe_blur,10800,0.9864864864864865,0.980599647266314,0.979326923076923,0.9796051416664735
29,21,"(64, 64)",12,"(8, 8)","(2, 2)",gray_clahe,2352,0.9864864864864865,0.9833410096774876,0.9764423076923077,0.9794693260904428
30,41,"(96, 96)",12,"(4, 4)","(2, 2)",gray_clahe,25392,0.9864864864864865,0.9772727272727273,0.9807692307692308,0.9780952380952381
31,40,"(96, 96)",9,"(8, 8)","(3, 3)",gray_clahe_blur,8100,0.9831081081081081,0.976503537735849,0.9795867176301958,0.978020694259012
32,11,"(64, 64)",9,"(4, 4)","(3, 3)",gray_clahe,15876,0.9831081081081081,0.9725274725274725,0.9810290253225036,0.9766269934333959
33,12,"(64, 64)",9,"(4, 4)","(3, 3)",gray_clahe_blur,15876,0.9831081081081081,0.9755900621118012,0.9777741280458672,0.9764481614490972
34,34,"(96, 96)",9,"(4, 4)","(2, 2)",gray_clahe_blur,19044,0.9831081081081081,0.9718422252621979,0.9810290253225036,0.9760957056380863
35,10,"(64, 64)",9,"(4, 4)","(2, 2)",gray_clahe_blur,8100,0.9831081081081081,0.9751913910154557,0.9777741280458672,0.9759612214308313
36,25,"(96, 96)",6,"(4, 4)","(2, 2)",gray_clahe,12696,0.9831081081081081,0.9751913910154557,0.9777741280458672,0.9759612214308313
37,16,"(64, 64)",9,"(8, 8)","(3, 3)",gray_clahe_blur,2916,0.9831081081081081,0.9733490566037736,0.9763318203535595,0.9748164218958612
38,46,"(96, 96)",12,"(8, 8)","(2, 2)",gray_clahe_blur,5808,0.9797297297297297,0.9702698982181728,0.9794762302914477,0.9745332056380864
39,44,"(96, 96)",12,"(4, 4)","(3, 3)",gray_clahe_blur,52272,0.9831081081081081,0.9717441860465116,0.9777741280458672,0.9743570212681403
40,15,"(64, 64)",9,"(8, 8)","(3, 3)",gray_clahe,2916,0.9831081081081081,0.9722027972027972,0.9763318203535595,0.9742322359668477
41,26,"(96, 96)",6,"(4, 4)","(2, 2)",gray_clahe_blur,12696,0.9831081081081081,0.9720919324577861,0.9763318203535595,0.9741737004198063
42,33,"(96, 96)",9,"(4, 4)","(2, 2)",gray_clahe,19044,0.9831081081081081,0.9716421452301851,0.9745192307692307,0.9725635214123822
43,19,"(64, 64)",12,"(4, 4)","(3, 3)",gray_clahe,21168,0.9797297297297297,0.9666889483065954,0.9794762302914477,0.9725102065661154
44,17,"(64, 64)",12,"(4, 4)","(2, 2)",gray_clahe,10800,0.9797297297297297,0.9666889483065954,0.9794762302914477,0.9725102065661154
45,29,"(96, 96)",6,"(8, 8)","(2, 2)",gray_clahe,2904,0.9797297297297297,0.9732616194625998,0.9700818203535595,0.9716464651777932
46,42,"(96, 96)",12,"(4, 4)","(2, 2)",gray_clahe_blur,25392,0.9797297297297297,0.9665909090909091,0.9762213330148113,0.9707764355742297
47,9,"(64, 64)",9,"(4, 4)","(2, 2)",gray_clahe,8100,0.9797297297297297,0.9663865546218487,0.9715241280458672,0.9687925785436967
48,13,"(64, 64)",9,"(8, 8)","(2, 2)",gray_clahe,1764,0.9763513513513513,0.9696699905033238,0.9652741280458672,0.9674321568426478
