image_size,orientations,pixels_per_cell,cells_per_block,preprocessing,feature_dim,accuracy,macro_precision,macro_recall,macro_f1,seconds
32x32,6,4x4,1x1,gray,384,0.9738562091503268,0.9751253588169035,0.9507575757575758,0.9619090661832147,1.9289569854736328
32x32,6,4x4,1x1,gray_clahe,384,0.9444444444444444,0.942476285136124,0.915377176015474,0.9255451875319023,2.3737895488739014
32x32,6,4x4,1x1,gray_clahe_blur,384,0.9640522875816994,0.95,0.9416505480335268,0.9451314333562606,2.6900296211242676
32x32,6,4x4,2x2,gray,1176,0.9803921568627451,0.9790348428453267,0.9659090909090909,0.9722014363198072,1.3894531726837158
32x32,6,4x4,2x2,gray_clahe,1176,0.9705882352941176,0.968231575701511,0.9568020631850419,0.9618766182595969,2.3579723834991455
32x32,6,4x4,2x2,gray_clahe_blur,1176,0.9738562091503268,0.9681776892708661,0.9527724049000645,0.9593275196145721,2.1471574306488037
32x32,6,4x4,3x3,gray,1944,0.9836601307189542,0.985290948275862,0.9734848484848485,0.9791510814766629,1.240262746810913
32x32,6,4x4,3x3,gray_clahe,1944,0.9705882352941176,0.9597739014716626,0.9527724049000645,0.9561376355297779,2.711909532546997
32x32,6,4x4,3x3,gray_clahe_blur,1944,0.9673202614379085,0.963996916824329,0.9509993552546745,0.9569447765467851,1.7454676628112793
32x32,6,8x8,1x1,gray,96,0.9379084967320261,0.908962287729093,0.9133623468729852,0.9107119333323993,0.3463444709777832
32x32,6,8x8,1x1,gray_clahe,96,0.9084967320261438,0.8869182188093889,0.8759671179883946,0.8809784355113012,0.7057111263275146
32x32,6,8x8,1x1,gray_clahe_blur,96,0.9150326797385621,0.8908981643356644,0.8873307543520309,0.8890500344725697,0.7314667701721191
32x32,6,8x8,2x2,gray,216,0.9673202614379085,0.9633914485334364,0.945196647324307,0.9535562012132648,0.4532952308654785
32x32,6,8x8,2x2,gray_clahe,216,0.934640522875817,0.912330500381971,0.9118310767246938,0.9119755476902128,0.6880073547363281
32x32,6,8x8,2x2,gray_clahe_blur,216,0.9509803921568627,0.9390553652968037,0.920696324951644,0.9292787158640817,0.7444279193878174
32x32,6,8x8,3x3,gray,216,0.9575163398692811,0.9450042196365727,0.9416505480335268,0.9431080602853411,0.3036026954650879
32x32,6,8x8,3x3,gray_clahe,216,0.9117647058823529,0.8897552994515199,0.877498388136686,0.8820932923147109,0.5337612628936768
32x32,6,8x8,3x3,gray_clahe_blur,216,0.9575163398692811,0.9438192016317016,0.9398774983881367,0.9417799336813422,0.5662281513214111
32x32,6,16x16,1x1,gray,24,0.8398692810457516,0.8365489130434782,0.7719213410702772,0.7941463134961587,0.1923389434814453
32x32,6,16x16,1x1,gray_clahe,24,0.7777777777777778,0.7518886131789357,0.7223565441650548,0.734682187987111,0.4362068176269531
32x32,6,16x16,1x1,gray_clahe_blur,24,0.803921568627451,0.7778848204433977,0.7559638942617666,0.7623010739833772,0.43465709686279297
32x32,6,16x16,2x2,gray,24,0.9313725490196079,0.9253559510567296,0.8961960025789812,0.9094741583410972,0.160292387008667
32x32,6,16x16,2x2,gray_clahe,24,0.9052287581699346,0.9030520309997923,0.8646034816247582,0.8800004915152586,0.34090280532836914
32x32,6,16x16,2x2,gray_clahe_blur,24,0.8986928104575164,0.8807841412319024,0.8572695035460993,0.8662790287931081,0.3809928894042969
32x32,9,4x4,1x1,gray,576,0.9869281045751634,0.9873698714023269,0.9696969696969697,0.9774320199602315,4.938817977905273
32x32,9,4x4,1x1,gray_clahe,576,0.9575163398692811,0.9427683525394793,0.937862669245648,0.9402614758621826,5.121940851211548
32x32,9,4x4,1x1,gray_clahe_blur,576,0.9673202614379085,0.9522591645353793,0.9608317214700194,0.9564141657304873,5.424053430557251
32x32,9,4x4,2x2,gray,1764,0.9869281045751634,0.984707637090882,0.9734848484848485,0.978826340425033,1.1022121906280518
32x32,9,4x4,2x2,gray_clahe,1764,0.9738562091503268,0.9713766625531332,0.9565602836879433,0.9633642753817603,2.896005392074585
32x32,9,4x4,2x2,gray_clahe_blur,1764,0.9771241830065359,0.9780416476029133,0.9603481624758221,0.9681470619646236,2.974196672439575
32x32,9,4x4,3x3,gray,2916,0.9934640522875817,0.9906636790439607,0.9886363636363636,0.9896324532515292,1.1911489963531494
32x32,9,4x4,3x3,gray_clahe,2916,0.9705882352941176,0.9590542749959877,0.946969696969697,0.9527002602660497,2.9551584720611572
32x32,9,4x4,3x3,gray_clahe_blur,2916,0.9771241830065359,0.9714379370629371,0.9641360412637009,0.967706119275843,1.6242053508758545
32x32,9,8x8,1x1,gray,144,0.9607843137254902,0.9420109710550887,0.9590586718246293,0.9497679554296393,0.4150209426879883
32x32,9,8x8,1x1,gray_clahe,144,0.9052287581699346,0.8738270756445985,0.8741940683430045,0.8739167619118571,0.7662200927734375
32x32,9,8x8,1x1,gray_clahe_blur,144,0.9117647058823529,0.8916809399530755,0.8833010960670535,0.8866986480331949,0.7945880889892578
32x32,9,8x8,2x2,gray,324,0.9575163398692811,0.9542953214759169,0.937862669245648,0.9457212599818726,0.9080746173858643
32x32,9,8x8,2x2,gray_clahe,324,0.934640522875817,0.930378547857559,0.89821083172147,0.9120675991282438,1.0551495552062988
32x32,9,8x8,2x2,gray_clahe_blur,324,0.9607843137254902,0.9456281565656566,0.939635718891038,0.9425340027589927,1.116182804107666
32x32,9,8x8,3x3,gray,324,0.9575163398692811,0.9529611013986015,0.9456802063185042,0.9492415094850317,0.8961811065673828
32x32,9,8x8,3x3,gray_clahe,324,0.934640522875817,0.9130518076148881,0.9057865892972276,0.9090099360509637,0.7885234355926514
32x32,9,8x8,3x3,gray_clahe_blur,324,0.9738562091503268,0.969302203173171,0.9585751128304321,0.9637050522833974,0.9137368202209473
32x32,9,16x16,1x1,gray,36,0.9215686274509803,0.9160347985347985,0.8772566086395873,0.8929296833766416,0.20447182655334473
32x32,9,16x16,1x1,gray_clahe,36,0.8300653594771242,0.784322269770031,0.7789329464861381,0.7813144149319093,0.45009660720825195
32x32,9,16x16,1x1,gray_clahe_blur,36,0.8660130718954249,0.849168125748323,0.8102836879432624,0.8230363334840947,0.457613468170166
32x32,9,16x16,2x2,gray,36,0.9477124183006536,0.9309317777528984,0.9206963249516442,0.9255935924540576,0.16618871688842773
32x32,9,16x16,2x2,gray_clahe,36,0.9183006535947712,0.915211197706051,0.8911186331399097,0.901721229590082,0.35753345489501953
32x32,9,16x16,2x2,gray_clahe_blur,36,0.9379084967320261,0.9360654179952277,0.9194068343004513,0.9267132743138671,0.3774683475494385
32x32,12,4x4,1x1,gray,768,0.9869281045751634,0.9846511015865855,0.9734848484848485,0.9788265578318396,9.496613025665283
32x32,12,4x4,1x1,gray_clahe,768,0.9607843137254902,0.9464285714285714,0.937862669245648,0.9414549627680253,10.032991170883179
32x32,12,4x4,1x1,gray_clahe_blur,768,0.9673202614379085,0.9483075692963753,0.9472114764667956,0.9476779822537456,9.342605352401733
32x32,12,4x4,2x2,gray,2352,0.9869281045751634,0.9869791666666666,0.9772727272727273,0.9819838056680162,1.138859510421753
32x32,12,4x4,2x2,gray_clahe,2352,0.9673202614379085,0.9560110050371113,0.9509993552546745,0.9534214840721065,8.936333417892456
32x32,12,4x4,2x2,gray_clahe_blur,2352,0.9673202614379085,0.950791227551791,0.9489845261121858,0.9498712204994405,1.6870818138122559
32x32,12,4x4,3x3,gray,3888,0.9901960784313726,0.9889277389277389,0.9848484848484849,0.9868175251978069,1.3523190021514893
32x32,12,4x4,3x3,gray_clahe,3888,0.9705882352941176,0.9576069479014364,0.9585751128304321,0.9578940141554428,5.120972156524658
32x32,12,4x4,3x3,gray_clahe_blur,3888,0.9673202614379085,0.950791227551791,0.9489845261121858,0.9498712204994405,5.7524330615997314
32x32,12,8x8,1x1,gray,192,0.9705882352941176,0.9625855914918415,0.9585751128304321,0.9605108506516957,0.5900118350982666
32x32,12,8x8,1x1,gray_clahe,192,0.9215686274509803,0.9038488531540513,0.8891038039974211,0.8956292935883552,0.8434219360351562
32x32,12,8x8,1x1,gray_clahe_blur,192,0.9313725490196079,0.9038918900696966,0.9138459058671825,0.9086566972315498,0.9141991138458252
32x32,12,8x8,2x2,gray,432,0.9771241830065359,0.9774305437826768,0.9681656995486783,0.9725521566726003,1.7515044212341309
32x32,12,8x8,2x2,gray_clahe,432,0.9411764705882353,0.9315192743764172,0.9113475177304964,0.9207387412329273,1.7931745052337646
32x32,12,8x8,2x2,gray_clahe_blur,432,0.9705882352941176,0.9670770202020202,0.9509993552546745,0.9585061137692716,1.7126288414001465
32x32,12,8x8,3x3,gray,432,0.9705882352941176,0.9608476320547841,0.9646196002578982,0.962667183562706,1.7708587646484375
32x32,12,8x8,3x3,gray_clahe,432,0.954248366013072,0.9504005764581913,0.9169084461637653,0.9306247361197909,1.502751350402832
32x32,12,8x8,3x3,gray_clahe_blur,432,0.9673202614379085,0.9657619933829612,0.9530141843971631,0.9591257784250703,1.6193406581878662
32x32,12,16x16,1x1,gray,48,0.9444444444444444,0.9509081366218554,0.9211798839458415,0.9324586670898071,0.21417975425720215
32x32,12,16x16,1x1,gray_clahe,48,0.8529411764705882,0.8151245243860257,0.8027079303675048,0.8076629318394024,0.4860203266143799
32x32,12,16x16,1x1,gray_clahe_blur,48,0.8725490196078431,0.8481800313458452,0.8254352030947776,0.8344060109940786,0.4991302490234375
32x32,12,16x16,2x2,gray,48,0.9379084967320261,0.9278602650385069,0.9115892972275951,0.918639943214759,0.17911744117736816
32x32,12,16x16,2x2,gray_clahe,48,0.9150326797385621,0.9057432779146141,0.8835428755641521,0.8936819341053212,0.3665196895599365
32x32,12,16x16,2x2,gray_clahe_blur,48,0.9509803921568627,0.9527992478085762,0.9285138620245004,0.9391059616253749,0.4258251190185547
64x64,6,4x4,1x1,gray,1536,0.9836601307189542,0.9775145067698259,0.9775145067698259,0.9775145067698259,5.118423223495483
64x64,6,4x4,1x1,gray_clahe,1536,0.9771241830065359,0.9661508704061896,0.9661508704061896,0.9661508704061896,5.829819202423096
64x64,6,4x4,1x1,gray_clahe_blur,1536,0.9803921568627451,0.9712948494952702,0.9679239200515797,0.9695407242999629,5.225141525268555
64x64,6,4x4,2x2,gray,5400,0.9836601307189542,0.9775145067698259,0.9775145067698259,0.9775145067698259,4.006755828857422
64x64,6,4x4,2x2,gray_clahe,5400,0.9771241830065359,0.9715931644966656,0.9681656995486783,0.9698109840886996,4.469643831253052
64x64,6,4x4,2x2,gray_clahe_blur,5400,0.9803921568627451,0.9699054466660101,0.9679239200515797,0.9688973597545874,4.3492889404296875
64x64,6,4x4,3x3,gray,10584,0.9934640522875817,0.9906511927788524,0.9906511927788524,0.9906511927788524,4.483645677566528
64x64,6,4x4,3x3,gray_clahe,10584,0.9771241830065359,0.9661508704061896,0.9661508704061896,0.9661508704061896,4.960087776184082
64x64,6,4x4,3x3,gray_clahe_blur,10584,0.9803921568627451,0.9732763761097006,0.9679239200515797,0.9705141640029705,4.880614757537842
64x64,6,8x8,1x1,gray,384,0.9803921568627451,0.983725832990539,0.9641360412637009,0.9728871544142079,2.2622666358947754
64x64,6,8x8,1x1,gray_clahe,384,0.9705882352941176,0.9559047952982035,0.9509993552546745,0.9531179978911296,2.442688465118408
64x64,6,8x8,1x1,gray_clahe_blur,384,0.9738562091503268,0.9616777368758003,0.9565602836879433,0.9590631100348415,2.3461318016052246
64x64,6,8x8,2x2,gray,1176,0.9836601307189542,0.9853094666527502,0.9659090909090909,0.9745916073691725,1.4908666610717773
64x64,6,8x8,2x2,gray_clahe,1176,0.9869281045751634,0.9890408099363324,0.9734848484848485,0.9806955769705954,1.893263816833496
64x64,6,8x8,2x2,gray_clahe_blur,1176,0.9869281045751634,0.9910037878787878,0.9734848484848485,0.9816757803599908,1.8316075801849365
64x64,6,8x8,3x3,gray,1944,0.9869281045751634,0.9827122339235219,0.9734848484848485,0.9778525100294907,1.820924997329712
64x64,6,8x8,3x3,gray_clahe,1944,0.9836601307189542,0.9854740847387906,0.9659090909090909,0.9746477177944897,1.950026512145996
64x64,6,8x8,3x3,gray_clahe_blur,1944,0.9836601307189542,0.9828809966914805,0.9696969696969697,0.9760182302129369,1.4149515628814697
64x64,6,16x16,1x1,gray,96,0.9313725490196079,0.9133648129873881,0.9098162475822051,0.911478072711616,0.5505435466766357
64x64,6,16x16,1x1,gray_clahe,96,0.9117647058823529,0.8818264693264692,0.8913604126370084,0.8858646346894298,0.858184814453125
64x64,6,16x16,1x1,gray_clahe_blur,96,0.9575163398692811,0.9499549952388175,0.9358478401031594,0.9425844988344988,0.8731434345245361
64x64,6,16x16,2x2,gray,216,0.9444444444444444,0.9119041748613828,0.9287556415215991,0.9192254069079961,0.6184000968933105
64x64,6,16x16,2x2,gray_clahe,216,0.9640522875816994,0.9523164335664336,0.9454384268214056,0.9488003771306642,0.8477773666381836
64x64,6,16x16,2x2,gray_clahe_blur,216,0.9803921568627451,0.9786718685329081,0.9603481624758221,0.9685259263560991,0.9926528930664062
64x64,6,16x16,3x3,gray,216,0.9607843137254902,0.9481755733292169,0.9532559638942618,0.9506350017031285,0.535879373550415
64x64,6,16x16,3x3,gray_clahe,216,0.9509803921568627,0.9243052190940129,0.9383462282398454,0.9305713622351992,0.8360342979431152
64x64,6,16x16,3x3,gray_clahe_blur,216,0.9607843137254902,0.9469073593235325,0.949468085106383,0.9480674106302961,0.8132646083831787
64x64,9,4x4,1x1,gray,2304,0.9836601307189542,0.9775457129934741,0.9795293359123146,0.9785203870238521,6.721136808395386
64x64,9,4x4,1x1,gray_clahe,2304,0.9803921568627451,0.9733662141420556,0.9699387491940683,0.9715840337340897,3.708815336227417
64x64,9,4x4,1x1,gray_clahe_blur,2304,0.9836601307189542,0.9750827282831491,0.9717117988394585,0.9733286030878416,6.948770046234131
64x64,9,4x4,2x2,gray,8100,0.9901960784313726,0.9815627743634767,0.9888781431334623,0.9851405566154192,3.85286545753479
64x64,9,4x4,2x2,gray_clahe,8100,0.9836601307189542,0.9733455882352942,0.9717117988394585,0.9724168644867641,4.316104888916016
64x64,9,4x4,2x2,gray_clahe_blur,8100,0.9869281045751634,0.9793440919195127,0.979287556415216,0.9792873390084096,4.40926194190979
64x64,9,4x4,3x3,gray,15876,0.9901960784313726,0.9835084033613446,0.9888781431334623,0.9861369310033463,5.267377614974976
64x64,9,4x4,3x3,gray_clahe,15876,0.9803921568627451,0.9680243264198488,0.9699387491940683,0.968964590382459,11.223974466323853
64x64,9,4x4,3x3,gray_clahe_blur,15876,0.9836601307189542,0.9770659944515578,0.9717117988394585,0.9743311753029067,11.174950361251831
64x64,9,8x8,1x1,gray,576,0.9738562091503268,0.9665969395447007,0.9603481624758221,0.9631945631123262,8.412883281707764
64x64,9,8x8,1x1,gray_clahe,576,0.9771241830065359,0.9642929831362668,0.9661508704061896,0.9652051918862183,8.7574303150177
64x64,9,8x8,1x1,gray_clahe_blur,576,0.9869281045751634,0.9793440919195127,0.979287556415216,0.9792873390084096,7.89227032661438
64x64,9,8x8,2x2,gray,1764,0.9738562091503268,0.96711879112502,0.9545454545454546,0.9605127602660497,1.4053261280059814
64x64,9,8x8,2x2,gray_clahe,1764,0.9803921568627451,0.9788825757575758,0.9621212121212122,0.9699513936356041,2.7827916145324707
64x64,9,8x8,2x2,gray_clahe_blur,1764,0.9803921568627451,0.9754353233830845,0.9659090909090909,0.9704439990853699,3.2510476112365723
64x64,9,8x8,3x3,gray,2916,0.9934640522875817,0.9857142857142858,0.9924242424242424,0.9888009049773756,1.9049670696258545
64x64,9,8x8,3x3,gray_clahe,2916,0.9836601307189542,0.9808632227987066,0.9696969696969697,0.9750386790439607,3.2426066398620605
64x64,9,8x8,3x3,gray_clahe_blur,2916,0.9803921568627451,0.9752604166666666,0.9659090909090909,0.9704453441295546,3.0163462162017822
64x64,9,16x16,1x1,gray,144,0.934640522875817,0.9243317969794285,0.8964377820760799,0.9074465825580901,1.0231819152832031
64x64,9,16x16,1x1,gray_clahe,144,0.9313725490196079,0.9163411879792269,0.9042553191489362,0.9093508094394191,1.442864179611206
64x64,9,16x16,1x1,gray_clahe_blur,144,0.9313725490196079,0.907486388384755,0.9095744680851064,0.906559384703861,1.5615429878234863
64x64,9,16x16,2x2,gray,324,0.9640522875816994,0.9442844871224556,0.9532559638942618,0.9485449422838641,1.5145113468170166
64x64,9,16x16,2x2,gray_clahe,324,0.9738562091503268,0.9754103535353535,0.9585751128304321,0.9664426217057795,1.8341448307037354
64x64,9,16x16,2x2,gray_clahe_blur,324,0.9738562091503268,0.9731922735010743,0.9547872340425532,0.963005964479577,1.965179204940796
64x64,9,16x16,3x3,gray,324,0.9640522875816994,0.9426318723229479,0.9608317214700194,0.9505870760418484,1.4476535320281982
64x64,9,16x16,3x3,gray_clahe,324,0.9705882352941176,0.9588578088578089,0.9547872340425532,0.956781691769865,1.68076753616333
64x64,9,16x16,3x3,gray_clahe_blur,324,0.9640522875816994,0.9473157051282052,0.9434235976789169,0.9453010604419056,1.6124749183654785
64x64,12,4x4,1x1,gray,3072,0.9901960784313726,0.9927475299558545,0.9830754352030948,0.9876576240734345,5.749114036560059
64x64,12,4x4,1x1,gray_clahe,3072,0.9738562091503268,0.9643760812068211,0.9643778207607995,0.964348688248742,15.629302263259888
64x64,12,4x4,1x1,gray_clahe_blur,3072,0.9869281045751634,0.9851717723800969,0.9830754352030948,0.9840482126515231,8.219799995422363
64x64,12,4x4,2x2,gray,10800,0.9901960784313726,0.9835084033613446,0.9888781431334623,0.9861369310033463,6.2800867557525635
64x64,12,4x4,2x2,gray_clahe,10800,0.9738562091503268,0.962394197841959,0.9643778207607995,0.9633688718723369,9.344658613204956
64x64,12,4x4,2x2,gray_clahe_blur,10800,0.9869281045751634,0.9817729908864955,0.9830754352030948,0.9823096396246547,9.912168979644775
64x64,12,4x4,3x3,gray,21168,0.9869281045751634,0.9767857142857143,0.9850902643455834,0.9807166815545865,8.000619173049927
64x64,12,4x4,3x3,gray_clahe,21168,0.9738562091503268,0.9625072688505525,0.9643778207607995,0.9634258324556133,11.220366477966309
64x64,12,4x4,3x3,gray_clahe_blur,21168,0.9869281045751634,0.9817729908864955,0.9830754352030948,0.9823096396246547,11.893752813339233
64x64,12,8x8,1x1,gray,768,0.9803921568627451,0.9789026893504505,0.9641360412637009,0.9709700253621677,13.27600622177124
64x64,12,8x8,1x1,gray_clahe,768,0.9738562091503268,0.957438884644767,0.9623629916183107,0.9598479215053816,13.948412895202637
64x64,12,8x8,1x1,gray_clahe_blur,768,0.9869281045751634,0.987045406768972,0.9734848484848485,0.9796930488766085,16.17317509651184
64x64,12,8x8,2x2,gray,2352,0.9901960784313726,0.9866955933361361,0.9810606060606061,0.9837900500407049,2.0593552589416504
64x64,12,8x8,2x2,gray_clahe,2352,0.9771241830065359,0.9696348708584737,0.9661508704061896,0.9678246352378492,6.043119430541992
64x64,12,8x8,2x2,gray_clahe_blur,2352,0.9836601307189542,0.9828809966914805,0.9696969696969697,0.9760182302129369,3.2839674949645996
64x64,12,8x8,3x3,gray,3888,0.9934640522875817,0.9906636790439607,0.9886363636363636,0.9896324532515292,2.512373447418213
64x64,12,8x8,3x3,gray_clahe,3888,0.9771241830065359,0.9694302222635468,0.9641360412637009,0.9666973701098408,3.2784788608551025
64x64,12,8x8,3x3,gray_clahe_blur,3888,0.9836601307189542,0.9828809966914805,0.9696969696969697,0.9760182302129369,3.389848232269287
64x64,12,16x16,1x1,gray,192,0.9640522875816994,0.9492448471926084,0.9512411347517731,0.9502258760780955,1.060248613357544
64x64,12,16x16,1x1,gray_clahe,192,0.9477124183006536,0.9369777664472668,0.9287556415215991,0.9322491677988962,1.612393856048584
64x64,12,16x16,1x1,gray_clahe_blur,192,0.9640522875816994,0.9484507878437791,0.9512411347517731,0.9497837271333764,1.6644561290740967
64x64,12,16x16,2x2,gray,432,0.9738562091503268,0.9655387841222189,0.9605899419729207,0.9627717156082031,2.6285152435302734
64x64,12,16x16,2x2,gray_clahe,432,0.9705882352941176,0.9670770202020202,0.9509993552546745,0.9585061137692716,2.6391329765319824
64x64,12,16x16,2x2,gray_clahe_blur,432,0.9771241830065359,0.9751909466750752,0.9623629916183107,0.9682229720355069,2.4431605339050293
64x64,12,16x16,3x3,gray,432,0.9705882352941176,0.9556840121326198,0.9626047711154094,0.9590679973339047,2.3642361164093018
64x64,12,16x16,3x3,gray_clahe,432,0.9640522875816994,0.9614930156907769,0.9454384268214056,0.9529058013991721,2.2908499240875244
64x64,12,16x16,3x3,gray_clahe_blur,432,0.9640522875816994,0.9463723018978947,0.9492263056092843,0.9476806007250091,2.2312169075012207
96x96,6,4x4,1x1,gray,3456,0.9836601307189542,0.9751392637874458,0.9717117988394585,0.9733570833794798,9.980024099349976
96x96,6,4x4,1x1,gray_clahe,3456,0.9575163398692811,0.9372240460103574,0.9456802063185042,0.9413485165328664,25.854854583740234
96x96,6,4x4,1x1,gray_clahe_blur,3456,0.9771241830065359,0.9680836852257324,0.9681656995486783,0.967938542938543,21.641913652420044
96x96,6,4x4,2x2,gray,12696,0.9869281045751634,0.9828094930491071,0.9754996776273372,0.9788706070710278,11.68368124961853
96x96,6,4x4,2x2,gray_clahe,12696,0.9640522875816994,0.947298714129454,0.9530141843971631,0.9498234956369589,16.63885259628296
96x96,6,4x4,2x2,gray_clahe_blur,12696,0.9705882352941176,0.9557970831412131,0.9626047711154094,0.959124957917181,17.07005786895752
96x96,6,4x4,3x3,gray,26136,0.9901960784313726,0.9866831070710278,0.9830754352030948,0.9848087895680282,14.158611297607422
96x96,6,4x4,3x3,gray_clahe,26136,0.9803921568627451,0.9758354514240577,0.9737266279819472,0.9747056706234687,19.637415885925293
96x96,6,4x4,3x3,gray_clahe_blur,26136,0.9803921568627451,0.9733662141420556,0.9699387491940683,0.9715840337340897,20.080777168273926
96x96,6,8x8,1x1,gray,864,0.9869281045751634,0.9873698714023269,0.9696969696969697,0.9774320199602315,20.062290906906128
96x96,6,8x8,1x1,gray_clahe,864,0.9771241830065359,0.9738713016763507,0.9681656995486783,0.9706673421642282,23.343213081359863
96x96,6,8x8,1x1,gray_clahe_blur,864,0.9738562091503268,0.9636904761904762,0.9547872340425532,0.9585237713116089,22.040164470672607
96x96,6,8x8,2x2,gray,2904,0.9836601307189542,0.9735054347826086,0.9737266279819472,0.9734279609279609,3.6607539653778076
96x96,6,8x8,2x2,gray_clahe,2904,0.9803921568627451,0.9687766410912191,0.9777562862669246,0.9731316535601563,7.30075478553772
96x96,6,8x8,2x2,gray_clahe_blur,2904,0.9738562091503268,0.9568689967811848,0.9605899419729207,0.958662854558377,6.553788185119629
96x96,6,8x8,3x3,gray,5400,0.9836601307189542,0.972411272035927,0.9795293359123146,0.9758921557625406,3.88153076171875
96x96,6,8x8,3x3,gray_clahe,5400,0.9771241830065359,0.9621410673431591,0.9759832366215345,0.9687860945211102,6.621288537979126
96x96,6,8x8,3x3,gray_clahe_blur,5400,0.9901960784313726,0.9866831070710278,0.9830754352030948,0.9848087895680282,6.630064487457275
96x96,6,16x16,1x1,gray,216,0.9607843137254902,0.9546418193678468,0.928030303030303,0.9398199594621026,1.917670726776123
96x96,6,16x16,1x1,gray_clahe,216,0.934640522875817,0.9249378255333699,0.9019987105093488,0.912386627750296,2.924759864807129
96x96,6,16x16,1x1,gray_clahe_blur,216,0.954248366013072,0.9555611753551672,0.926257253384913,0.9395899958286986,2.883631944656372
96x96,6,16x16,2x2,gray,600,0.9771241830065359,0.9801174013581815,0.9585751128304321,0.9676559807868935,5.267195463180542
96x96,6,16x16,2x2,gray_clahe,600,0.9575163398692811,0.9521517678242062,0.9416505480335268,0.9465581339645219,5.99971342086792
96x96,6,16x16,2x2,gray_clahe_blur,600,0.9640522875816994,0.9541193997234109,0.9472114764667956,0.9505309183033424,5.418240308761597
96x96,6,16x16,3x3,gray,864,0.9803921568627451,0.9838487446417636,0.9661508704061896,0.9738984510556379,7.7367894649505615
96x96,6,16x16,3x3,gray_clahe,864,0.9738562091503268,0.9698711411884675,0.9605899419729207,0.9645713730748381,8.474740028381348
96x96,6,16x16,3x3,gray_clahe_blur,864,0.9705882352941176,0.9660364145658263,0.9568020631850419,0.9607849584478894,8.084388017654419
96x96,9,4x4,1x1,gray,5184,0.9738562091503268,0.9636254370629371,0.9565602836879433,0.9600138115835353,10.605365514755249
96x96,9,4x4,1x1,gray_clahe,5184,0.9738562091503268,0.9704812187116667,0.9663926499032882,0.9679884453781513,15.560518980026245
96x96,9,4x4,1x1,gray_clahe_blur,5184,0.9673202614379085,0.9475487469484875,0.9588168923275306,0.9529500538189243,17.226810693740845
96x96,9,4x4,2x2,gray,19044,0.9869281045751634,0.9793314272791884,0.9813023855577048,0.9802997464544572,13.671757936477661
96x96,9,4x4,2x2,gray_clahe,19044,0.9771241830065359,0.9695217998498802,0.9661508704061896,0.9677676746545727,19.034937381744385
96x96,9,4x4,2x2,gray_clahe_blur,19044,0.9640522875816994,0.943192367747593,0.9550290135396519,0.9486160007041015,18.6913583278656
96x96,9,4x4,3x3,gray,39204,0.9869281045751634,0.9793314272791884,0.9813023855577048,0.9802997464544572,11.465056419372559
96x96,9,4x4,3x3,gray_clahe,39204,0.9836601307189542,0.9775710422741226,0.9775145067698259,0.9775142893630195,11.8960120677948
96x96,9,4x4,3x3,gray_clahe_blur,39204,0.9771241830065359,0.9661140072285818,0.9641360412637009,0.965050543653854,12.450387001037598
96x96,9,8x8,1x1,gray,1296,0.9771241830065359,0.967172544962217,0.9603481624758221,0.9635112548658882,2.5705294609069824
96x96,9,8x8,1x1,gray_clahe,1296,0.9803921568627451,0.9819611470860314,0.9699387491940683,0.9752898795451987,3.808749198913574
96x96,9,8x8,1x1,gray_clahe_blur,1296,0.9705882352941176,0.9559047952982035,0.9509993552546745,0.9531179978911296,3.1923530101776123
96x96,9,8x8,2x2,gray,4356,0.9836601307189542,0.9752363445378152,0.9737266279819472,0.9743688483397412,2.9761412143707275
96x96,9,8x8,2x2,gray_clahe,4356,0.9803921568627451,0.972167325428195,0.9777562862669246,0.9748126425545781,3.6608188152313232
96x96,9,8x8,2x2,gray_clahe_blur,4356,0.9836601307189542,0.9792802043678621,0.9737266279819472,0.976150405298537,3.403839588165283
96x96,9,8x8,3x3,gray,8100,0.9803921568627451,0.9658856339420908,0.9777562862669246,0.9715811904841166,3.3290998935699463
96x96,9,8x8,3x3,gray_clahe,8100,0.9803921568627451,0.972167325428195,0.9777562862669246,0.9748126425545781,3.883805990219116
96x96,9,8x8,3x3,gray_clahe_blur,8100,0.9934640522875817,0.9945080933361361,0.9848484848484849,0.9894244085257313,3.9289352893829346
96x96,9,16x16,1x1,gray,324,0.9738562091503268,0.9751169236228208,0.9509993552546745,0.9604501138698587,1.8821942806243896
96x96,9,16x16,1x1,gray_clahe,324,0.9379084967320261,0.9098945690090923,0.917150225660864,0.9125219109095462,2.426997661590576
96x96,9,16x16,1x1,gray_clahe_blur,324,0.9477124183006536,0.9412589019784023,0.9113475177304965,0.9232450240478786,3.433474063873291
96x96,9,16x16,2x2,gray,900,0.9836601307189542,0.9853945887793839,0.9679239200515797,0.9756097485317878,14.181840181350708
96x96,9,16x16,2x2,gray_clahe,900,0.9771241830065359,0.9738713016763507,0.9681656995486783,0.9706673421642282,12.38671326637268
96x96,9,16x16,2x2,gray_clahe_blur,900,0.9803921568627451,0.9715598739495799,0.9699387491940683,0.9706375050561592,13.890659809112549
96x96,9,16x16,3x3,gray,1296,0.9869281045751634,0.9873447204968944,0.9813023855577048,0.983962905298537,2.0668084621429443
96x96,9,16x16,3x3,gray_clahe,1296,0.9738562091503268,0.9702380952380953,0.9605899419729207,0.9646809198175118,2.9010515213012695
96x96,9,16x16,3x3,gray_clahe_blur,1296,0.9803921568627451,0.9821681864235057,0.9661508704061896,0.9729719272746848,2.753481388092041
96x96,12,4x4,1x1,gray,6912,0.9836601307189542,0.9775145067698259,0.9775145067698259,0.9775145067698259,12.123160362243652
96x96,12,4x4,1x1,gray_clahe,6912,0.9575163398692811,0.9374875565965138,0.949468085106383,0.9429841325722332,21.535535097122192
96x96,12,4x4,1x1,gray_clahe_blur,6912,0.9705882352941176,0.9540707587382778,0.9626047711154094,0.9582062804258279,7.477408170700073
96x96,12,4x4,2x2,gray,25392,0.9901960784313726,0.9866831070710278,0.9830754352030948,0.9848087895680282,10.573919773101807
96x96,12,4x4,2x2,gray_clahe,25392,0.9771241830065359,0.9667922507694238,0.971953578336557,0.9692899949177621,19.663779735565186
96x96,12,4x4,2x2,gray_clahe_blur,25392,0.9738562091503268,0.962394197841959,0.9643778207607995,0.9633688718723369,20.550240516662598
96x96,12,4x4,3x3,gray,52272,0.9869281045751634,0.9793314272791884,0.9813023855577048,0.9802997464544572,21.54951572418213
96x96,12,4x4,3x3,gray_clahe,52272,0.9803921568627451,0.9737578342055955,0.9757414571244358,0.9747325082359732,25.290682315826416
96x96,12,4x4,3x3,gray_clahe_blur,52272,0.9836601307189542,0.9811787141420556,0.9775145067698259,0.9792763414263974,25.852508783340454
96x96,12,8x8,1x1,gray,1728,0.9836601307189542,0.9836260418536366,0.9679239200515797,0.9746626632928695,6.00203537940979
96x96,12,8x8,1x1,gray_clahe,1728,0.9803921568627451,0.9717068736315295,0.971953578336557,0.9716422466422466,8.705302000045776
96x96,12,8x8,1x1,gray_clahe_blur,1728,0.9673202614379085,0.9525793190332527,0.9492263056092843,0.9504726890756303,6.579016447067261
96x96,12,8x8,2x2,gray,5808,0.9869281045751634,0.9793314272791884,0.9813023855577048,0.9802997464544572,5.143995523452759
96x96,12,8x8,2x2,gray_clahe,5808,0.9803921568627451,0.972167325428195,0.9777562862669246,0.9748126425545781,7.598026990890503
96x96,12,8x8,2x2,gray_clahe_blur,5808,0.9836601307189542,0.9756000839956064,0.9775145067698259,0.9765403479582165,7.449368715286255
96x96,12,8x8,3x3,gray,10800,0.9901960784313726,0.9835084033613446,0.9888781431334623,0.9861369310033463,6.040168523788452
96x96,12,8x8,3x3,gray_clahe,10800,0.9803921568627451,0.972167325428195,0.9777562862669246,0.9748126425545781,8.232715129852295
96x96,12,8x8,3x3,gray_clahe_blur,10800,0.9934640522875817,0.9945080933361361,0.9848484848484849,0.9894244085257313,7.834761142730713
96x96,12,16x16,1x1,gray,432,0.9705882352941176,0.9602251212782887,0.9568020631850419,0.9581484092174881,4.656510591506958
96x96,12,16x16,1x1,gray_clahe,432,0.9673202614379085,0.9475487469484875,0.9588168923275306,0.9529500538189243,6.1440064907073975
96x96,12,16x16,1x1,gray_clahe_blur,432,0.9640522875816994,0.9576836099224159,0.9434235976789169,0.9500232388482945,5.5645222663879395
96x96,12,16x16,2x2,gray,1200,0.9803921568627451,0.9818529922082464,0.9661508704061896,0.9728896136474794,1.9442315101623535
96x96,12,16x16,2x2,gray_clahe,1200,0.9673202614379085,0.956990211281256,0.9588168923275306,0.9578870745287678,3.1909358501434326
96x96,12,16x16,2x2,gray_clahe_blur,1200,0.9771241830065359,0.9696348708584737,0.9661508704061896,0.9678246352378492,2.9443609714508057
96x96,12,16x16,3x3,gray,1728,0.9836601307189542,0.9855843354918286,0.9737266279819472,0.9789935832489023,2.164886951446533
96x96,12,16x16,3x3,gray_clahe,1728,0.9771241830065359,0.9800124275062139,0.9661508704061896,0.9724842471137497,3.154975652694702
96x96,12,16x16,3x3,gray_clahe_blur,1728,0.9771241830065359,0.9785967578520771,0.9623629916183107,0.9692954566864496,2.9904887676239014
